{"cameraMode":{"drawMode":0,"name":"Shaded","section":"Shading Mode"},"sceneLighting":true,"audioPlay":false,"sceneViewState":{"m_AlwaysRefresh":false,"showFog":true,"showSkybox":true,"showFlares":true,"showImageEffects":true,"showParticleSystems":true,"showVisualEffectGraphs":true,"m_FxEnabled":true},"in2DMode":false,"pivot":{"x":0.07253217697143555,"y":-0.10675621032714844,"z":-208.3331298828125},"rotation":{"x":0.1612904816865921,"y":-0.004441073164343834,"z":0.000725795398466289,"w":0.9868974089622498},"size":25.77376937866211,"orthographic":false}